AA!!A!AAB!!L!LLBB  AA AAGAA!!AA!!AB!AA!!AAA!MBBBAAA!!A!BIABAB A  ABHB@@??CCGA!A!ABABAB AA !B@@???PDDNOOFFAA!ABABABAA A@@??G CIGDC?LICMBBAH !@LBLLLBB!!A !!M AAA H!@@,,A AA  HHG@@???BLCH@@??CC@??CCL  @@???CM  BCHHGDDC?LIGIIMM?,,,A  HHI?IGGGCCC???IAIII!GI?III?LG?M!CA?BGL,,,,B!AA,,,BHB?GMGGDCC??IIIIBHH?HCB?MCCH B!C?,,,"!ILGGGI D",,GCCC???LLIIIIBHBL?,,D,,,"!ILACLAI?AABM",,,,,BBB BBBB BBB B BBB B,,,,,,,AA AAA AA AAA A AAA A,,,,,,,,EEFFEE EEFFEE EEFE EFE EEEFEEEFFFEEE EEEFFFEEEEFE EFE EEEFFFEEE EEEFFFEEE EFE EFE FFFEEEE EE,,,EEFFFEFEEE,,,,,,,,"!!C?LBMH HC?AIMA ACC LC !GA!CAHKEDJG!?M",,,,,,?C!LAKEDDDNOOJFF!AHIGHACGII DOFKKEEDDJJMACAGAKEDJGAIH!KEDDNOJFDNOFDDNNNOOFF
"",,,,,,,,,,,,
"",,,,,,,,"!""",,,,"#% $"
"",,,,,,,,,,,,
"",,,,,,,,,,,,
"",,,,,,,,"!""",,,,"# $"
"",,,,,,,,,,,,
"",,,,,,,,,,,,
"! #%""&  !!  ! #""""$  !!  ! !!! !!!",,,,,,"#%%#""""""#%%#%""""""#%#%%#""""#""$$%%%##""""#%""""""""""$$""""""""$$",,,"""""$""$$$$$"""
""""" """""" "" """" """"## "" """"""#""""#""#"" ##""",,,,,,""""" ##",,,"## ### """""""""""""" ## #""""""#",,"""""""#""",,,,$$$$$$$$ $$$$$ $$$ $$,,,,,,,""""""" ""#",,,""" # # %!%&& "" !","!  !!  !%%&& !  %&%%%&&&",&
"","#",""" !"
"","#","##""  !!"""" ""  !"" !!"
"#","#","# #  """"  !""""  !""""  "" !"" !!!!!"
""""""""" """"""""""# "" ##"" "" ""# """" """"",,,,,,,"## ## """,,"# # #",,,"##","""",,$$ $$$$$$ $$,,,""""" ""#",""" """"",,"""!! %  "" !  # !!!#! %","!!  !  &%",,%%
"""#","""","!#"" !!!""#""""!!  !"" !""!!  !!!!"
"# """""""" """" "" """"#",,,,,""""" #!!  !","# !# !!""""!  !!  !!"
"""",,,,,,"# !!!"
"""! !#",,"""""""!"" #""""#",,,$$ $$$$,,"! """"",,"!"""""" %&""""  ""!#  %&"
"#",,"!""",,,$$,,"#",,"!  %&"
"#",,,,,,,,,
"",,,,,,,,,%&
"###! !",,"""""""""""#""###""! """" #""",,,$$$$$$ $$,,"#""!",,"""   %&%&&&"
"",,,,,,,,,"!"
"!!!!   !!  !   !!!!!!!!!!!",,,,,"$""""##'(# ""# """"""### """"""###",,,,$&&)$!+&$!&&$!&$$!!!!$&$&$&!!!*!!!!%!!%%!!!!%%!!!%!!%!!%%!!!*
"",,,,,,,,,,,
"",,,,,,,,,,,
"#",,,,,,,,,,"!",
"",,,,,,,,,,,
"",,,,,,,,,,,
"",,,,,,,,,,,
"",,,,,,,,,,,
"",,,,,,,,,,,
"",,,,,,,"!!",,,,"#"
"",,,,,,,,,,,
"",,,,,,,,,,,
"",,,,,,,,,,,
"",,,,,,,,,,,
""" #!!! """"!#!# "" """,,,"#",,
"!""!""! !!!#!"" !",,,"!##!## !!######!!!""! !! ##""""!"" #   $$ $$ $$$$ $$$$$$ ! "" #!! %&",,&%%&&&&&
"",,,,,,,,,,,
"",,,,,,,,,,,
"!",,,,,,,,,,,
"",,,,,,,,,,,
"",,,,,,,,,,,
"",,,,,,,,,,"""",
"",,,,,,,,,,,
"#","# """,,,,,,,,"!!!#""!"
"!!!",,,,,,,,,
"""",,,,,,,,,
"!","!",,,,,,,,"#!"
"!! !!! !","#! ##","# ##",,,"!##",$$$$$$$$,,"!#!","""""#!"""" %%&&%%"
"",,,,,,,,,,,,,,,,,,,,,,
"!!! ! ! !!! ! !",,,,,,"!!! ! ! !!! ! !",,,,,,"""""""""##""# """"""### """"## # #",,,,,,,&$  $$&$&&$$$$&&&  &&$$ &,,,%%%%%%%%%%
"",,"#"
"#","#","### ""## "" "" ! "" !! """"  "" ! ""  !"" !!!"
"","#",""" "" ! "" ! "" !"" !!!"
"",,,,
$ #,,""" """"",,"!!!"
